frame	time_s	mouse_screen_x	mouse_screen_y	mouse_ray_x	mouse_ray_y	mouse_ray_z	PlayerCapsule_0_pos_x	PlayerCapsule_0_pos_y	PlayerCapsule_0_pos_z	PlayerCapsule_0_q_x	PlayerCapsule_0_q_y	PlayerCapsule_0_q_z	PlayerCapsule_0_q_w	PlayerCapsule_0_eul_x	PlayerCapsule_0_eul_y	PlayerCapsule_0_eul_z	PlayerCapsule_0_hovered	Car1_1_pos_x	Car1_1_pos_y	Car1_1_pos_z	Car1_1_q_x	Car1_1_q_y	Car1_1_q_z	Car1_1_q_w	Car1_1_eul_x	Car1_1_eul_y	Car1_1_eul_z	Car1_1_hovered	Car2_2_pos_x	Car2_2_pos_y	Car2_2_pos_z	Car2_2_q_x	Car2_2_q_y	Car2_2_q_z	Car2_2_q_w	Car2_2_eul_x	Car2_2_eul_y	Car2_2_eul_z	Car2_2_hovered	evt_trial_0	evt_lane_1	evt_car_2	evt_yielding_3	evt_ehmi_4
26994	452.1887	1244	1105	0.2956696	0.5731301	0.7642652	-2.939157E-19	0.1241196	0.7800239	0	0.08454742	0	0.9964195	0	9.700001	0	0	0	0	0	0	0	0	1	0	0	0	0	0	0	0	0	0	0	1	0	0	0	0					
26995	452.522	1244	1105	0.2954936	0.5719132	0.7652442	-2.939157E-19	0.1241196	0.7800239	0	0.08454742	0	0.9964195	0	9.700001	0	0	0	0	0	0	0	0	1	0	0	0	0	0	0	0	0	0	0	1	0	0	0	0					
26996	452.8553	1244	1105	0.294801	0.5706837	0.7664284	-2.939157E-19	0.1241196	0.7800239	0	0.08454742	0	0.9964195	0	9.700001	0	0	0	0	0	0	0	0	1	0	0	0	0	0	0	0	0	0	0	1	0	0	0	0					
